{
    "rmse": 0.6827192655800437,
    "mae": 0.5165375786067485,
    "r2": 0.25861792324318045
}