{
    "rmse": 0.6516709885037547,
    "mae": 0.5113477522114566,
    "r2": 0.3337842323225213
}